employee_no,days_worked_total,total_hours_total,avg_hours_total,total_ot_total,late_days_total,late_minutes_total,days_worked_30,total_hours_30,avg_hours_30,total_ot_30,late_days_30,late_minutes_30,potential_absence_days_30
2,144,5200.0,36.111111111111114,4120.0,0,0.0,,,,,,,
10,410,14520.0,35.41463414634146,11312.0,0,0.0,,,,,,,
12,76,721.0,9.486842105263158,118.0,0,0.0,,,,,,,
25,1964,15792.95,8.041216904276986,1049.29,0,0.0,,,,,,,
48,32,257.92,8.06,5.589999999999998,0,0.0,,,,,,,
51,704,12145.32,17.251875,6722.85,0,0.0,,,,,,,
56,1528,11724.11,7.672846858638744,146.05999999999997,0,0.0,,,,,,,
59,1869,14393.18,7.701005885500268,822.89,0,0.0,,,,,,,
64,437,3494.24,7.995972540045766,232.84,0,0.0,,,,,,,
71,1848,14228.4,7.699350649350649,544.2,0,0.0,,,,,,,
90,706,5595.01,7.924943342776205,290.74,0,0.0,,,,,,,
95,195,1493.06,7.656717948717948,46.260000000000005,0,0.0,,,,,,,
97,1951,16068.4,8.23598154792414,1063.65,0,0.0,,,,,,,
103,12,89.07,7.422499999999999,2.459999999999999,0,0.0,12.0,89.07,7.422499999999999,2.459999999999999,0.0,0.0,18.0
106,145,1119.18,7.71848275862069,38.370000000000005,0,0.0,22.0,172.72,7.850909090909091,2.369999999999999,0.0,0.0,8.0
107,282,2230.2,7.908510638297872,69.69,0,0.0,15.0,120.73,8.048666666666668,2.0299999999999994,0.0,0.0,15.0
108,12,94.06,7.838333333333334,1.8600000000000012,0,0.0,11.0,85.99000000000001,7.817272727272728,1.790000000000001,0.0,0.0,19.0
116,1182,9481.6,8.02165820642978,468.26,0,0.0,,,,,,,
130,1002,7837.95,7.822305389221556,212.98999999999998,0,0.0,,,,,,,
157,1781,14359.54,8.062627737226277,524.36,0,0.0,,,,,,,
165,1907,15611.62,8.186481384373362,811.02,0,0.0,,,,,,,
167,1458,11078.78,7.598614540466393,334.02,0,0.0,,,,,,,
178,751,6158.69,8.200652463382157,627.3,0,0.0,,,,,,,
179,351,2584.69,7.363789173789174,120.22000000000001,0,0.0,,,,,,,
186,1897,15601.56,8.22433315761729,807.34,0,0.0,,,,,,,
191,541,4151.26,7.673308687615528,64.84,0,0.0,,,,,,,
195,216,6864.0,31.77777777777778,5208.0,0,0.0,,,,,,,
198,342,2641.33,7.723187134502924,11.899999999999999,0,0.0,,,,,,,
211,630,4329.22,6.871777777777778,88.37,0,0.0,,,,,,,
213,1416,10614.25,7.495939265536723,240.22,0,0.0,,,,,,,
217,344,2697.44,7.841395348837209,74.79,0,0.0,,,,,,,
219,1825,14679.01,8.043293150684931,929.38,0,0.0,,,,,,,
222,495,3733.79,7.5430101010101005,108.11999999999999,0,0.0,,,,,,,
223,849,6681.9,7.870318021201413,229.54,0,0.0,,,,,,,
230,1803,14235.59,7.895501941209096,360.58,0,0.0,,,,,,,
231,1637,13034.02,7.962138057422114,358.95,0,0.0,,,,,,,
232,1800,14096.2,7.831222222222222,294.12,0,0.0,,,,,,,
244,1467,10986.63,7.489182004089979,309.84,0,0.0,,,,,,,
248,433,14560.0,33.62586605080831,11200.0,0,0.0,,,,,,,
249,7,50.0,7.142857142857143,1.5,0,0.0,,,,,,,
251,143,1168.68,8.172587412587413,82.39999999999999,0,0.0,,,,,,,
257,1416,11195.64,7.906525423728813,192.39999999999998,0,0.0,,,,,,,
258,157,1207.87,7.69343949044586,14.899999999999993,0,0.0,,,,,,,
267,1739,13455.99,7.737774583093732,404.03,0,0.0,,,,,,,
274,1506,11551.36,7.670225763612218,110.27999999999997,0,0.0,,,,,,,
282,1911,15418.19,8.068126635269493,1122.66,0,0.0,,,,,,,
286,488,3783.18,7.752418032786885,178.56,0,0.0,,,,,,,
289,714,5587.63,7.825812324929972,226.72,0,0.0,,,,,,,
290,336,2617.96,7.791547619047619,53.86999999999999,0,0.0,,,,,,,
294,1054,8014.1900000000005,7.603595825426946,161.56999999999996,0,0.0,,,,,,,
298,261,2094.17,8.023639846743295,64.86000000000001,0,0.0,,,,,,,
301,346,2875.07,8.309450867052023,231.71,0,0.0,,,,,,,
303,96,3601.0,37.510416666666664,2840.0,0,0.0,,,,,,,
314,17,128.85,7.579411764705882,2.74,0,0.0,,,,,,,
315,48,380.7,7.9312499999999995,1.1999999999999993,0,0.0,,,,,,,
316,712,5478.88,7.695056179775281,176.3,0,0.0,25.0,212.39,8.4956,19.98,0.0,0.0,5.0
317,467,3720.29,7.966359743040685,101.44,0,0.0,,,,,,,
319,1654,13048.54,7.889081015719468,337.78,0,0.0,,,,,,,
322,129,4520.0,35.03875968992248,3508.0,0,0.0,,,,,,,
323,209,3920.87,18.760143540669855,2268.07,0,0.0,,,,,,,
332,821,6302.81,7.676991473812424,133.89,0,0.0,,,,,,,
340,1634,15146.79,9.269761321909426,2481.1,0,0.0,,,,,,,
345,257,1942.42,7.558054474708172,68.87,0,0.0,,,,,,,
349,525,4146.09,7.897314285714286,269.36,0,0.0,,,,,,,
352,419,3172.37,7.571288782816229,49.55,0,0.0,,,,,,,
353,308,2385.22,7.744220779220779,37.98,0,0.0,,,,,,,
354,303,2319.43,7.654884488448844,57.36,0,0.0,,,,,,,
355,296,2210.75,7.46875,46.12999999999999,0,0.0,,,,,,,
362,25,186.91,7.4764,1.0099999999999998,0,0.0,,,,,,,
366,161,1225.88,7.61416149068323,3.84,0,0.0,,,,,,,
367,101,735.01,7.277326732673267,4.309999999999995,0,0.0,,,,,,,
368,106,828.05,7.811792452830188,54.58,0,0.0,,,,,,,
370,174,1415.13,8.132931034482759,69.92,0,0.0,25.0,191.16,7.6464,8.91,0.0,0.0,5.0
371,149,1128.85,7.5761744966442945,5.070000000000002,0,0.0,,,,,,,
372,147,5144.0,34.993197278911566,4022.0,0,0.0,,,,,,,
375,519,3960.89,7.6317726396917145,69.97999999999999,0,0.0,,,,,,,
381,32,206.56,6.455,1.3200000000000003,0,0.0,,,,,,,
382,289,2340.87,8.099896193771626,79.86,0,0.0,,,,,,,
384,84,671.88,7.998571428571428,37.05,0,0.0,,,,,,,
385,352,2990.49,8.495710227272726,300.86,0,0.0,,,,,,,
386,1774,14854.59,8.373500563697858,1488.68,0,0.0,,,,,,,
387,732,5742.72,7.845245901639345,138.50999999999996,0,0.0,,,,,,,
388,40,1600.0,40.0,1280.0,0,0.0,,,,,,,
389,554,4280.4,7.726353790613718,52.55999999999999,0,0.0,,,,,,,
390,105,809.14,7.706095238095238,41.529999999999994,0,0.0,,,,,,,
391,382,2963.45,7.757722513089004,28.290000000000003,0,0.0,,,,,,,
392,85,660.1,7.765882352941177,17.52,0,0.0,,,,,,,
401,164,1152.17,7.0254268292682935,5.350000000000003,0,0.0,,,,,,,
404,351,2664.83,7.592108262108262,31.719999999999995,0,0.0,,,,,,,
406,341,2725.52,7.992727272727272,105.69000000000003,0,0.0,,,,,,,
407,66,523.5,7.931818181818182,24.619999999999997,0,0.0,,,,,,,
408,24,192.53,8.022083333333333,11.209999999999999,0,0.0,,,,,,,
409,143,1101.0,7.699300699300699,7.899999999999999,0,0.0,,,,,,,
411,126,892.79,7.08563492063492,9.67,0,0.0,21.0,167.75,7.988095238095238,2.2500000000000018,0.0,0.0,9.0
413,22,168.27,7.648636363636364,0.9799999999999986,0,0.0,,,,,,,
415,363,12002.0,33.0633608815427,9294.0,0,0.0,,,,,,,
416,137,1093.04,7.9783941605839415,10.799999999999995,0,0.0,,,,,,,
418,382,2948.76,7.719267015706807,26.96999999999999,0,0.0,,,,,,,
427,214,1482.55,6.927803738317757,44.57,0,0.0,,,,,,,
428,56,421.57,7.528035714285714,5.489999999999997,0,0.0,,,,,,,
430,464,14572.0,31.405172413793103,10972.0,0,0.0,,,,,,,
431,206,1631.66,7.920679611650486,26.869999999999983,0,0.0,,,,,,,
434,194,1469.44,7.574432989690722,18.88,0,0.0,,,,,,,
435,709,5432.46,7.6621438645980255,130.65999999999997,0,0.0,,,,,,,
438,147,1135.01,7.721156462585034,24.189999999999994,0,0.0,,,,,,,
439,198,1604.57,8.10388888888889,42.94999999999999,0,0.0,,,,,,,
440,159,1212.2,7.623899371069182,15.860000000000001,0,0.0,,,,,,,
441,193,1478.78,7.662072538860103,22.819999999999997,0,0.0,,,,,,,
442,242,1774.09,7.33095041322314,28.120000000000005,0,0.0,,,,,,,
443,312,2462.76,7.893461538461539,72.13,0,0.0,,,,,,,
444,30,240.88,8.029333333333334,16.659999999999997,0,0.0,,,,,,,
445,1826,14524.72,7.954392113910186,398.51,0,0.0,,,,,,,
446,308,2438.24,7.916363636363636,80.47999999999999,0,0.0,13.0,116.16,8.935384615384615,12.55,0.0,0.0,17.0
447,7,55.150000000000006,7.878571428571429,0.6400000000000006,0,0.0,,,,,,,
448,341,2603.11,7.63375366568915,27.609999999999992,0,0.0,,,,,,,
449,1036,8304.43,8.015859073359074,213.93,0,0.0,,,,,,,
450,53,363.31,6.854905660377359,1.8099999999999987,0,0.0,17.0,117.85,6.93235294117647,0.02999999999999936,0.0,0.0,13.0
451,104,760.12,7.3088461538461535,13.749999999999995,0,0.0,,,,,,,
452,645,12588.75,19.517441860465116,8112.16,0,0.0,21.0,122.08,5.8133333333333335,0.16000000000000014,0.0,0.0,9.0
453,21,142.9,6.8047619047619055,0.3500000000000014,0,0.0,,,,,,,
454,12,112.0,9.333333333333334,20.0,0,0.0,,,,,,,
455,526,4082.91,7.7621863117870715,96.74,0,0.0,,,,,,,
456,92,685.97,7.456195652173913,12.199999999999996,0,0.0,23.0,179.17,7.789999999999999,5.829999999999998,0.0,0.0,7.0
458,185,1495.06,8.081405405405405,36.5,0,0.0,,,,,,,
459,11,392.0,35.63636363636363,304.0,0,0.0,6.0,208.0,34.666666666666664,160.0,0.0,0.0,24.0
460,124,975.45,7.866532258064517,7.479999999999993,0,0.0,26.0,202.3,7.7807692307692315,2.9300000000000015,0.0,0.0,4.0
461,178,1262.1,7.0904494382022465,12.579999999999998,0,0.0,24.0,181.09,7.545416666666667,0.3899999999999988,0.0,0.0,6.0
462,436,14225.5,32.62729357798165,10846.3,0,0.0,7.0,184.0,26.285714285714285,128.0,0.0,0.0,23.0
463,119,967.49,8.13016806722689,31.349999999999994,0,0.0,23.0,190.39,8.277826086956521,6.389999999999997,0.0,0.0,7.0
464,277,2119.78,7.652635379061373,22.170000000000005,0,0.0,14.0,106.75,7.625,1.0700000000000003,0.0,0.0,16.0
465,165,1313.39,7.959939393939394,36.46999999999999,0,0.0,,,,,,,
466,19,111.5,5.868421052631579,0.25,0,0.0,19.0,111.5,5.868421052631579,0.25,0.0,0.0,11.0
467,7,30.0,4.285714285714286,0.0,0,0.0,7.0,30.0,4.285714285714286,0.0,0.0,0.0,23.0
468,55,441.21,8.022,13.569999999999997,0,0.0,19.0,158.22,8.32736842105263,8.64,0.0,0.0,11.0
469,231,1755.9,7.601298701298702,12.139999999999993,0,0.0,23.0,184.72,8.031304347826087,2.059999999999995,0.0,0.0,7.0
470,227,1719.97,7.576960352422907,38.15,0,0.0,22.0,174.1,7.913636363636363,3.0899999999999963,0.0,0.0,8.0
472,1016,8322.26,8.191200787401575,511.79,0,0.0,16.0,176.0,11.0,53.269999999999996,0.0,0.0,14.0
473,52,1408.0,27.076923076923077,1024.0,0,0.0,4.0,160.0,40.0,128.0,0.0,0.0,26.0
474,686,6128.12,8.933119533527696,854.58,0,0.0,27.0,253.65,9.394444444444444,41.730000000000004,0.0,0.0,3.0
475,1,40.0,40.0,32.0,0,0.0,1.0,40.0,40.0,32.0,0.0,0.0,29.0
476,1683,13347.5,7.930778371954842,469.41999999999996,0,0.0,23.0,183.08,7.960000000000001,3.929999999999998,0.0,0.0,7.0
477,37,240.4,6.4972972972972975,1.1799999999999997,0,0.0,15.0,95.97,6.398,1.1799999999999997,0.0,0.0,15.0
478,25,182.84,7.3136,2.6499999999999986,0,0.0,23.0,166.26,7.228695652173912,2.0699999999999985,0.0,0.0,7.0
479,25,203.92000000000002,8.1568,10.030000000000001,0,0.0,,,,,,,
480,2,15.5,7.75,0.0,0,0.0,2.0,15.5,7.75,0.0,0.0,0.0,28.0
481,161,1207.62,7.500745341614906,6.25,0,0.0,22.0,174.11,7.91409090909091,1.9100000000000001,0.0,0.0,8.0
482,137,1026.18,7.49036496350365,9.27,0,0.0,22.0,174.52,7.9327272727272735,0.7199999999999989,0.0,0.0,8.0
483,11,70.41,6.40090909090909,0.23999999999999844,0,0.0,11.0,70.41,6.40090909090909,0.23999999999999844,0.0,0.0,19.0
484,152,1213.46,7.983289473684211,23.25,0,0.0,22.0,177.0,8.045454545454545,2.58,0.0,0.0,8.0
485,90,644.98,7.166444444444445,5.409999999999998,0,0.0,20.0,149.87,7.4935,2.879999999999999,0.0,0.0,10.0
487,31,134.53,4.339677419354839,0.0,0,0.0,13.0,59.03,4.5407692307692304,0.0,0.0,0.0,17.0
488,133,1066.43,8.01827067669173,33.09,0,0.0,23.0,182.64,7.94086956521739,0.4400000000000013,0.0,0.0,7.0
489,114,912.77,8.006754385964912,16.03,0,0.0,21.0,176.87,8.422380952380953,9.14,0.0,0.0,9.0
490,121,920.51,7.607520661157024,6.6899999999999995,0,0.0,26.0,205.67,7.910384615384615,0.8300000000000001,0.0,0.0,4.0
491,108,819.85,7.591203703703704,3.1999999999999993,0,0.0,24.0,184.45,7.685416666666666,0.0,0.0,0.0,6.0
492,111,799.78,7.205225225225225,4.07,0,0.0,22.0,167.75,7.625,0.0,0.0,0.0,8.0
493,80,619.42,7.742749999999999,3.74,0,0.0,24.0,188.84,7.868333333333333,1.0,0.0,0.0,6.0
494,267,1869.13,7.000486891385768,57.4,0,0.0,,,,,,,
495,1153,9162.97,7.947068516912402,179.6,0,0.0,23.0,182.88,7.9513043478260865,2.75,0.0,0.0,7.0
496,68,484.59,7.126323529411764,14.95,0,0.0,,,,,,,
497,96,830.24,8.648333333333333,141.38,0,0.0,22.0,189.49,8.613181818181818,38.209999999999994,0.0,0.0,8.0
498,70,517.49,7.392714285714286,2.9300000000000015,0,0.0,,,,,,,
499,31,207.25,6.685483870967742,0.0600000000000005,0,0.0,22.0,152.64000000000001,6.9381818181818184,0.0600000000000005,0.0,0.0,8.0
500,1,4.0,4.0,0.0,0,0.0,1.0,4.0,4.0,0.0,0.0,0.0,29.0
501,13,96.2,7.4,1.0,0,0.0,13.0,96.2,7.4,1.0,0.0,0.0,17.0
502,22,153.25,6.965909090909091,1.25,0,0.0,21.0,153.25,7.2976190476190474,1.25,0.0,0.0,9.0
503,47,368.0,7.829787234042553,0.0,0,0.0,22.0,176.0,8.0,0.0,0.0,0.0,8.0
504,44,336.0,7.636363636363637,0.0,0,0.0,21.0,168.0,8.0,0.0,0.0,0.0,9.0
505,228,1731.52,7.594385964912281,71.30000000000001,0,0.0,24.0,190.75,7.947916666666667,4.25,0.0,0.0,6.0
506,418,11042.0,26.416267942583733,7850.0,0,0.0,18.0,144.0,8.0,0.0,0.0,0.0,12.0
507,14,92.25,6.589285714285714,0.0,0,0.0,,,,,,,
508,21,156.14,7.435238095238095,1.6999999999999993,0,0.0,,,,,,,
509,53,430.77,8.127735849056604,36.42,0,0.0,27.0,222.81,8.252222222222223,28.79,0.0,0.0,3.0
510,66,533.88,8.08909090909091,39.379999999999995,0,0.0,25.0,209.33,8.3732,28.19,0.0,0.0,5.0
511,53,394.86,7.450188679245283,0.5199999999999996,0,0.0,23.0,183.79,7.990869565217391,0.4299999999999997,0.0,0.0,7.0
512,5,40.17,8.034,0.33000000000000007,0,0.0,5.0,40.17,8.034,0.33000000000000007,0.0,0.0,25.0
513,46,359.55,7.816304347826088,48.6,0,0.0,22.0,172.5,7.840909090909091,28.5,0.0,0.0,8.0
514,77,580.5,7.538961038961039,0.0,0,0.0,27.0,180.5,6.685185185185185,0.0,0.0,0.0,3.0
515,119,1053.96,8.856806722689075,167.68,0,0.0,24.0,195.98,8.165833333333333,35.980000000000004,0.0,0.0,6.0
516,1139,9278.47,8.146154521510097,416.53,0,0.0,24.0,195.98,8.165833333333333,35.980000000000004,0.0,0.0,6.0
517,212,2151.95,10.15070754716981,812.0,0,0.0,27.0,180.5,6.685185185185185,0.0,0.0,0.0,3.0
518,25,167.96,6.7184,0.0,0,0.0,25.0,167.96,6.7184,0.0,0.0,0.0,5.0
519,24,792.0,33.0,600.0,0,0.0,4.0,160.0,40.0,128.0,0.0,0.0,26.0
520,97,2973.0,30.649484536082475,2268.0,0,0.0,,,,,,,
521,184,4984.0,27.08695652173913,3520.0,0,0.0,23.0,184.0,8.0,0.0,0.0,0.0,7.0
522,19,664.0,34.94736842105263,512.0,0,0.0,5.0,160.0,32.0,120.0,0.0,0.0,25.0
523,560,4996.89,8.923017857142858,578.9300000000001,0,0.0,,,,,,,
524,3,20.0,6.666666666666667,0.0,0,0.0,,,,,,,
525,6,48.0,8.0,0.0,0,0.0,,,,,,,
526,262,2303.12,8.790534351145038,252.66000000000003,0,0.0,,,,,,,
527,248,1834.26,7.396209677419355,52.45,0,0.0,,,,,,,
528,1238,9760.82,7.884345718901454,169.05,0,0.0,,,,,,,
529,189,5472.0,28.952380952380953,4076.0,0,0.0,,,,,,,
530,852,10132.38,11.892464788732394,3591.29,0,0.0,,,,,,,
531,43,339.2,7.888372093023255,3.959999999999999,0,0.0,,,,,,,
532,593,4540.1,7.656155143338955,120.6,0,0.0,,,,,,,
533,1193,9486.26,7.951601005867561,175.98,0,0.0,,,,,,,
534,38,904.0,23.789473684210527,640.0,0,0.0,,,,,,,
535,86,606.43,7.051511627906976,7.6999999999999975,0,0.0,,,,,,,
536,32,252.73,7.8978125,5.25,0,0.0,,,,,,,
537,67,522.01,7.791194029850746,11.97,0,0.0,,,,,,,
538,53,412.07,7.7749056603773585,4.8199999999999985,0,0.0,,,,,,,
539,342,2692.37,7.872426900584795,52.19,0,0.0,,,,,,,
540,183,1405.66,7.68120218579235,10.659999999999998,0,0.0,,,,,,,
541,43,337.26,7.843255813953488,4.140000000000001,0,0.0,,,,,,,
542,4,30.4,7.6,0.09999999999999964,0,0.0,,,,,,,
543,198,1523.83,7.696111111111111,64.69,0,0.0,,,,,,,
544,277,1510.56,5.453285198555957,9.32,0,0.0,,,,,,,
545,178,5640.0,31.685393258426966,4292.0,0,0.0,,,,,,,
546,409,3116.68,7.620244498777506,35.19,0,0.0,,,,,,,
547,4,29.0,7.25,1.5,0,0.0,,,,,,,
548,55,951.08,17.292363636363635,592.17,0,0.0,,,,,,,
549,149,1115.32,7.485369127516778,9.219999999999997,0,0.0,,,,,,,
550,145,1135.42,7.83048275862069,29.949999999999996,0,0.0,23.0,177.75,7.728260869565218,9.25,0.0,0.0,7.0
551,183,1402.03,7.661366120218579,20.650000000000002,0,0.0,23.0,170.3,7.404347826086957,1.0,0.0,0.0,7.0
552,726,5669.83,7.809683195592286,101.84,0,0.0,4.0,32.22,8.055,0.22000000000000064,0.0,0.0,26.0
553,353,2865.53,8.117648725212465,171.62,0,0.0,21.0,158.96,7.56952380952381,1.4600000000000009,0.0,0.0,9.0
554,41,315.12,7.685853658536585,2.5699999999999985,0,0.0,19.0,142.89,7.520526315789473,0.5199999999999996,0.0,0.0,11.0
555,744,5741.29,7.716787634408602,113.78,0,0.0,23.0,181.0,7.869565217391305,0.0,0.0,0.0,7.0
556,87,694.4,7.9816091954022985,12.479999999999999,0,0.0,23.0,181.5,7.891304347826087,0.0,0.0,0.0,7.0
557,273,2130.46,7.803882783882784,34.91,0,0.0,24.0,205.11,8.54625,26.490000000000002,0.0,0.0,6.0
558,1079,8545.76,7.920074142724745,182.56,0,0.0,24.0,189.34,7.889166666666667,2.7499999999999964,0.0,0.0,6.0
559,404,3025.43,7.488688118811881,25.699999999999996,0,0.0,22.0,184.23,8.374090909090908,9.08,0.0,0.0,8.0
560,23,177.02,7.696521739130435,3.0,0,0.0,20.0,154.52,7.726000000000001,3.0,0.0,0.0,10.0
561,150,4628.75,30.858333333333334,3453.5,0,0.0,5.0,160.0,32.0,128.0,0.0,0.0,25.0
562,91,2620.0,28.791208791208792,1904.0,0,0.0,4.0,160.0,40.0,128.0,0.0,0.0,26.0
563,463,8184.0,17.676025917926566,4766.5,0,0.0,5.0,160.0,32.0,120.0,0.0,0.0,25.0
564,573,8456.0,14.75741710296684,4397.0,0,0.0,5.0,160.0,32.0,120.0,0.0,0.0,25.0
565,169,1307.3,7.735502958579882,39.33,0,0.0,27.0,207.98,7.702962962962963,4.200000000000001,0.0,0.0,3.0
567,113,903.97,7.999734513274337,21.58,0,0.0,22.0,176.75,8.034090909090908,4.050000000000001,0.0,0.0,8.0
569,435,3530.75,8.116666666666667,93.0,0,0.0,23.0,189.25,8.228260869565217,7.5,0.0,0.0,7.0
600,67,541.22,8.077910447761194,14.6,0,0.0,23.0,180.48,7.84695652173913,3.130000000000001,0.0,0.0,7.0
601,634,5071.18,7.998706624605679,162.35,0,0.0,23.0,180.56,7.850434782608696,2.7699999999999996,0.0,0.0,7.0
603,200,6560.0,32.8,4998.0,0,0.0,4.0,160.0,40.0,128.0,0.0,0.0,26.0
604,269,7766.0,28.869888475836433,5754.0,0,0.0,19.0,120.5,6.342105263157895,0.0,0.0,0.0,11.0
605,224,1770.91,7.905848214285714,48.99,0,0.0,24.0,184.37,7.682083333333334,6.199999999999999,0.0,0.0,6.0
606,81,653.62,8.069382716049383,30.110000000000003,0,0.0,24.0,188.99,7.874583333333334,6.74,0.0,0.0,6.0
607,1043,8434.12,8.086404602109301,206.11,0,0.0,22.0,167.8,7.627272727272728,0.0,0.0,0.0,8.0
608,44,336.28000000000003,7.6427272727272735,8.140000000000002,0,0.0,21.0,163.16,7.769523809523809,4.18,0.0,0.0,9.0
609,36,249.83,6.939722222222223,0.8200000000000003,0,0.0,18.0,129.8,7.211111111111112,0.8200000000000003,0.0,0.0,12.0
610,27,200.98,7.4437037037037035,1.2199999999999989,0,0.0,21.0,159.98,7.618095238095238,1.2199999999999989,0.0,0.0,9.0
611,305,2329.37,7.63727868852459,19.889999999999997,0,0.0,21.0,159.26,7.583809523809523,1.58,0.0,0.0,9.0
612,1026,8377.77,8.16546783625731,296.59,0,0.0,26.0,191.25,7.355769230769231,3.75,0.0,0.0,4.0
613,12,79.2,6.6000000000000005,0.0,0,0.0,12.0,79.2,6.6000000000000005,0.0,0.0,0.0,18.0
614,70,2400.0,34.285714285714285,1840.0,0,0.0,6.0,160.0,26.666666666666668,112.0,0.0,0.0,24.0
615,27,744.0,27.555555555555557,536.0,0,0.0,4.0,120.0,30.0,96.0,0.0,0.0,26.0
616,978,8285.68,8.472065439672802,686.85,0,0.0,24.0,202.25,8.427083333333334,20.0,0.0,0.0,6.0
617,68,467.46,6.874411764705882,21.189999999999998,0,0.0,16.0,115.1,7.19375,0.2699999999999996,0.0,0.0,14.0
618,271,2255.18,8.32169741697417,147.53,0,0.0,22.0,180.5,8.204545454545455,7.510000000000002,0.0,0.0,8.0
619,35,1200.0,34.285714285714285,928.0,0,0.0,5.0,160.0,32.0,128.0,0.0,0.0,25.0
620,132,946.1,7.167424242424243,7.699999999999999,0,0.0,21.0,155.62,7.41047619047619,3.1999999999999993,0.0,0.0,9.0
621,254,2006.62,7.90007874015748,27.36,0,0.0,20.0,159.75,7.9875,0.0,0.0,0.0,10.0
622,609,6319.75,10.377257799671593,1715.04,0,0.0,22.0,165.27,7.512272727272728,2.5,0.0,0.0,8.0
623,135,984.07,7.289407407407408,5.119999999999997,0,0.0,22.0,167.64,7.619999999999999,0.8099999999999987,0.0,0.0,8.0
624,112,805.67,7.1934821428571425,5.16,0,0.0,21.0,164.3,7.823809523809524,3.0,0.0,0.0,9.0
625,5,40.0,8.0,0.0,0,0.0,5.0,40.0,8.0,0.0,0.0,0.0,25.0
626,114,839.83,7.366929824561404,7.369999999999999,0,0.0,21.0,161.16,7.674285714285714,2.549999999999999,0.0,0.0,9.0
627,561,4458.16,7.94680926916221,65.75,0,0.0,23.0,184.23,8.01,2.2300000000000004,0.0,0.0,7.0
628,140,1063.8,7.598571428571428,8.310000000000002,0,0.0,,,,,,,
629,3,16.85,5.616666666666667,0.0,0,0.0,3.0,16.85,5.616666666666667,0.0,0.0,0.0,27.0
630,13,83.97,6.4592307692307696,0.0,0,0.0,12.0,81.97,6.8308333333333335,0.0,0.0,0.0,18.0
631,40,303.15,7.578749999999999,12.33,0,0.0,11.0,80.67,7.333636363636364,0.5,0.0,0.0,19.0
632,183,1429.42,7.811038251366121,9.139999999999999,0,0.0,24.0,187.03,7.792916666666667,0.02999999999999936,0.0,0.0,6.0
633,618,5047.8,8.167961165048544,158.75,0,0.0,20.0,154.25,7.7125,0.0,0.0,0.0,10.0
634,171,5960.0,34.853801169590646,4629.5,0,0.0,4.0,160.0,40.0,128.0,0.0,0.0,26.0
635,43,299.5,6.965116279069767,3.1900000000000013,0,0.0,23.0,153.63,6.679565217391304,1.7800000000000011,0.0,0.0,7.0
636,34,258.99,7.61735294117647,3.74,0,0.0,23.0,182.41,7.9308695652173915,1.6600000000000001,0.0,0.0,7.0
637,164,1319.58,8.04621951219512,38.53,0,0.0,21.0,159.35,7.588095238095238,2.3500000000000014,0.0,0.0,9.0
638,52,403.7,7.763461538461538,0.7000000000000011,0,0.0,22.0,169.2,7.6909090909090905,0.7000000000000011,0.0,0.0,8.0
639,2,15.17,7.585,0.0,0,0.0,2.0,15.17,7.585,0.0,0.0,0.0,28.0
640,399,5032.0,12.611528822055138,2368.0,0,0.0,4.0,160.0,40.0,128.0,0.0,0.0,26.0
641,286,2262.25,7.909965034965035,101.69,0,0.0,22.0,177.15,8.052272727272728,19.48,0.0,0.0,8.0
642,350,2664.15,7.6118571428571435,58.85,0,0.0,23.0,173.5,7.543478260869565,3.0,0.0,0.0,7.0
643,149,5136.0,34.46979865771812,4000.0,0,0.0,5.0,160.0,32.0,128.0,0.0,0.0,25.0
644,590,4748.69,8.048627118644067,102.02,0,0.0,23.0,183.75,7.989130434782608,1.0,0.0,0.0,7.0
645,90,694.6,7.717777777777778,4.699999999999999,0,0.0,20.0,153.04,7.651999999999999,0.02999999999999936,0.0,0.0,10.0
646,13,82.0,6.3076923076923075,4.5,0,0.0,13.0,82.0,6.3076923076923075,4.5,0.0,0.0,17.0
647,202,1417.18,7.015742574257426,4.5,0,0.0,22.0,157.58,7.162727272727273,0.0,0.0,0.0,8.0
648,19,83.58,4.3989473684210525,0.0,0,0.0,12.0,67.08,5.59,0.0,0.0,0.0,18.0
649,612,4654.26,7.605,93.05,0,0.0,21.0,155.81,7.41952380952381,1.3200000000000003,0.0,0.0,9.0
650,19,720.0,37.89473684210526,568.0,0,0.0,4.0,160.0,40.0,128.0,0.0,0.0,26.0
651,110,856.43,7.785727272727272,24.76,0,0.0,20.0,158.11,7.905500000000001,12.100000000000001,0.0,0.0,10.0
652,402,4644.0,11.552238805970148,1472.0,0,0.0,5.0,144.0,28.8,104.0,0.0,0.0,25.0
653,45,352.75,7.838888888888889,2.5,0,0.0,23.0,180.5,7.8478260869565215,2.5,0.0,0.0,7.0
654,545,4411.57,8.094623853211008,154.99,0,0.0,23.0,187.19,8.138695652173913,5.190000000000001,0.0,0.0,7.0
655,38,302.25,7.953947368421052,6.5,0,0.0,14.0,116.0,8.285714285714286,4.0,0.0,0.0,16.0
656,47,1040.0,22.127659574468087,808.0,0,0.0,6.0,160.0,26.666666666666668,128.0,0.0,0.0,24.0
657,43,167.75,3.9011627906976742,0.0,0,0.0,6.0,28.25,4.708333333333333,0.0,0.0,0.0,24.0
658,206,1668.5,8.099514563106796,32.0,0,0.0,22.0,176.0,8.0,0.0,0.0,0.0,8.0
659,72,522.85,7.261805555555556,3.5,0,0.0,12.0,89.2,7.433333333333334,0.0,0.0,0.0,18.0
660,52,407.75,7.841346153846154,6.25,0,0.0,23.0,185.75,8.076086956521738,4.75,0.0,0.0,7.0
661,230,1801.15,7.831086956521739,19.15,0,0.0,23.0,190.5,8.282608695652174,6.5,0.0,0.0,7.0
662,146,1182.45,8.098972602739726,63.45,0,0.0,23.0,183.0,7.956521739130435,3.25,0.0,0.0,7.0
663,218,1692.0,7.761467889908257,44.5,0,0.0,22.0,172.25,7.829545454545454,1.0,0.0,0.0,8.0
664,212,1713.75,8.08372641509434,43.0,0,0.0,23.0,185.5,8.065217391304348,1.75,0.0,0.0,7.0
665,486,3939.5,8.1059670781893,121.0,0,0.0,23.0,183.75,7.989130434782608,0.0,0.0,0.0,7.0
666,249,2736.5,10.98995983935743,1020.5,0,0.0,4.0,160.0,40.0,128.0,0.0,0.0,26.0
667,175,1395.25,7.972857142857142,50.75,0,0.0,23.0,182.5,7.934782608695652,0.75,0.0,0.0,7.0
668,472,3872.5,8.204449152542374,178.25,0,0.0,23.0,181.5,7.891304347826087,0.0,0.0,0.0,7.0
669,461,3672.08,7.965466377440347,93.75,0,0.0,22.0,167.58,7.617272727272728,0.0,0.0,0.0,8.0
670,450,3639.74,8.08831111111111,113.99,0,0.0,22.0,182.75,8.306818181818182,16.0,0.0,0.0,8.0
671,464,3762.0,8.107758620689655,115.25,0,0.0,,,,,,,
672,94,3748.0,39.87234042553192,2996.0,0,0.0,,,,,,,
673,299,3680.0,12.307692307692308,1412.0,0,0.0,5.0,160.0,32.0,120.0,0.0,0.0,25.0
674,1,8.0,8.0,0.0,0,0.0,,,,,,,
675,365,2874.5,7.875342465753425,62.0,0,0.0,17.0,135.5,7.970588235294118,1.5,0.0,0.0,13.0
676,345,2595.75,7.523913043478261,14.5,0,0.0,23.0,182.0,7.913043478260869,0.75,0.0,0.0,7.0
677,442,3616.25,8.18156108597285,167.75,0,0.0,23.0,180.75,7.858695652173913,0.0,0.0,0.0,7.0
678,90,3543.0,39.36666666666667,2832.0,0,0.0,4.0,144.0,36.0,112.0,0.0,0.0,26.0
679,369,2899.25,7.857046070460704,124.0,0,0.0,21.0,175.0,8.333333333333334,8.0,0.0,0.0,9.0
680,440,3534.0,8.031818181818181,89.75,0,0.0,23.0,182.5,7.934782608695652,0.0,0.0,0.0,7.0
681,421,3396.25,8.06710213776722,71.75,0,0.0,22.0,175.5,7.9772727272727275,1.0,0.0,0.0,8.0
682,21,141.0,6.714285714285714,0.0,0,0.0,20.0,133.75,6.6875,0.0,0.0,0.0,10.0
683,86,3360.0,39.06976744186046,2672.0,0,0.0,4.0,160.0,40.0,128.0,0.0,0.0,26.0
684,129,999.0,7.744186046511628,6.0,0,0.0,24.0,186.0,7.75,1.0,0.0,0.0,6.0
685,408,3322.0,8.142156862745098,88.0,0,0.0,24.0,181.75,7.572916666666667,4.75,0.0,0.0,6.0
686,243,1929.75,7.941358024691358,30.75,0,0.0,21.0,162.25,7.726190476190476,1.25,0.0,0.0,9.0
687,244,1939.0,7.94672131147541,35.5,0,0.0,21.0,162.25,7.726190476190476,1.0,0.0,0.0,9.0
688,287,2333.5,8.130662020905923,80.75,0,0.0,23.0,181.5,7.891304347826087,1.25,0.0,0.0,7.0
689,384,3110.0,8.098958333333334,87.75,0,0.0,23.0,185.75,8.076086956521738,1.75,0.0,0.0,7.0
691,366,2956.0,8.076502732240437,81.25,0,0.0,23.0,185.0,8.043478260869565,1.0,0.0,0.0,7.0
692,354,2901.5,8.19632768361582,114.0,0,0.0,24.0,184.75,7.697916666666667,1.5,0.0,0.0,6.0
693,318,2477.5,7.790880503144654,46.5,0,0.0,23.0,183.0,7.956521739130435,1.0,0.0,0.0,7.0
694,342,2786.0,8.146198830409357,70.75,0,0.0,23.0,186.5,8.108695652173912,2.5,0.0,0.0,7.0
695,2,2.5,1.25,0.0,0,0.0,2.0,2.5,1.25,0.0,0.0,0.0,28.0
696,2,16.0,8.0,0.0,0,0.0,2.0,16.0,8.0,0.0,0.0,0.0,28.0
697,64,2600.0,40.625,2088.0,0,0.0,4.0,160.0,40.0,128.0,0.0,0.0,26.0
698,68,816.0,12.0,352.0,0,0.0,4.0,160.0,40.0,128.0,0.0,0.0,26.0
699,3,19.0,6.333333333333333,0.0,0,0.0,3.0,19.0,6.333333333333333,0.0,0.0,0.0,27.0
700,303,2450.75,8.088283828382838,62.5,0,0.0,23.0,185.25,8.054347826086957,1.25,0.0,0.0,7.0
701,32,234.0,7.3125,3.0,0,0.0,,,,,,,
702,295,2387.25,8.092372881355931,106.75,0,0.0,25.0,192.5,7.7,4.0,0.0,0.0,5.0
703,2,16.0,8.0,0.0,0,0.0,2.0,16.0,8.0,0.0,0.0,0.0,28.0
704,318,2592.5,8.15251572327044,198.5,0,0.0,26.0,214.25,8.240384615384615,6.75,0.0,0.0,4.0
705,57,2320.0,40.70175438596491,1864.0,0,0.0,4.0,160.0,40.0,128.0,0.0,0.0,26.0
706,69,489.5,7.094202898550725,2.0,0,0.0,,,,,,,
707,246,1968.5,8.002032520325203,45.0,0,0.0,,,,,,,
708,253,2068.0,8.173913043478262,86.5,0,0.0,23.0,185.5,8.065217391304348,1.5,0.0,0.0,7.0
709,255,2075.25,8.138235294117647,90.25,0,0.0,23.0,184.75,8.032608695652174,3.75,0.0,0.0,7.0
710,227,1855.0,8.17180616740088,59.0,0,0.0,19.0,152.5,8.026315789473685,1.25,0.0,0.0,11.0
711,12,86.0,7.166666666666667,3.25,0,0.0,12.0,86.0,7.166666666666667,3.25,0.0,0.0,18.0
712,127,1005.75,7.919291338582677,26.25,0,0.0,20.0,163.5,8.175,5.5,0.0,0.0,10.0
713,231,1960.0,8.484848484848484,378.0,0,0.0,4.0,160.0,40.0,128.0,0.0,0.0,26.0
714,211,1920.0,9.09952606635071,265.0,0,0.0,4.0,160.0,40.0,128.0,0.0,0.0,26.0
715,239,1875.0,7.845188284518828,53.4,0,0.0,21.0,150.75,7.178571428571429,0.5,0.0,0.0,9.0
716,155,1233.0,7.95483870967742,15.0,0,0.0,,,,,,,
717,20,139.0,6.95,0.0,0,0.0,19.0,137.5,7.2368421052631575,0.0,0.0,0.0,11.0
718,137,1760.0,12.846715328467154,792.0,0,0.0,4.0,160.0,40.0,128.0,0.0,0.0,26.0
719,4,31.0,7.75,3.0,0,0.0,4.0,31.0,7.75,3.0,0.0,0.0,26.0
720,197,1601.5,8.129441624365482,84.75,0,0.0,17.0,127.5,7.5,0.0,0.0,0.0,13.0
721,4,30.0,7.5,0.0,0,0.0,4.0,30.0,7.5,0.0,0.0,0.0,26.0
722,40,1640.0,41.0,1320.0,0,0.0,4.0,160.0,40.0,128.0,0.0,0.0,26.0
723,207,1640.0,7.9227053140096615,200.0,0,0.0,7.0,144.0,20.571428571428573,96.0,0.0,0.0,23.0
724,117,862.75,7.3739316239316235,7.25,0,0.0,14.0,109.75,7.839285714285714,1.75,0.0,0.0,16.0
725,106,797.5,7.523584905660377,10.75,0,0.0,18.0,142.75,7.930555555555555,9.0,0.0,0.0,12.0
726,190,1558.25,8.201315789473684,74.75,0,0.0,20.0,161.5,8.075,8.0,0.0,0.0,10.0
727,57,438.75,7.697368421052632,4.75,0,0.0,20.0,152.25,7.6125,0.25,0.0,0.0,10.0
728,117,899.5,7.688034188034188,34.0,0,0.0,16.0,127.75,7.984375,7.25,0.0,0.0,14.0
729,35,1440.0,41.142857142857146,1160.0,0,0.0,4.0,160.0,40.0,128.0,0.0,0.0,26.0
730,72,573.25,7.961805555555555,11.75,0,0.0,20.0,161.0,8.05,3.0,0.0,0.0,10.0
731,12,98.5,8.208333333333334,3.0,0,0.0,12.0,98.5,8.208333333333334,3.0,0.0,0.0,18.0
732,8,61.75,7.71875,1.25,0,0.0,8.0,61.75,7.71875,1.25,0.0,0.0,22.0
733,125,974.75,7.798,25.0,0,0.0,21.0,172.75,8.226190476190476,16.75,0.0,0.0,9.0
734,67,760.0,11.343283582089553,324.0,0,0.0,4.0,160.0,40.0,128.0,0.0,0.0,26.0
735,168,1410.25,8.394345238095237,104.25,0,0.0,23.0,179.75,7.815217391304348,3.25,0.0,0.0,7.0
736,86,659.5,7.6686046511627906,9.75,0,0.0,22.0,176.25,8.011363636363637,4.0,0.0,0.0,8.0
737,37,480.0,12.972972972972974,224.0,0,0.0,9.0,160.0,17.77777777777778,96.0,0.0,0.0,21.0
738,37,552.0,14.91891891891892,256.0,0,0.0,4.0,160.0,40.0,128.0,0.0,0.0,26.0
739,9,66.0,7.333333333333333,0.0,0,0.0,9.0,66.0,7.333333333333333,0.0,0.0,0.0,21.0
740,13,89.25,6.865384615384615,0.5,0,0.0,12.0,81.25,6.770833333333333,0.5,0.0,0.0,18.0
741,159,1361.0,8.559748427672956,102.0,0,0.0,20.0,161.25,8.0625,3.0,0.0,0.0,10.0
742,82,643.25,7.844512195121951,6.5,0,0.0,19.0,151.0,7.947368421052632,2.0,0.0,0.0,11.0
743,153,1266.5,8.277777777777779,60.75,0,0.0,21.0,169.75,8.083333333333334,6.5,0.0,0.0,9.0
744,43,422.0,9.813953488372093,78.0,0,0.0,12.0,142.0,11.833333333333334,46.0,0.0,0.0,18.0
745,32,284.0,8.875,28.0,0,0.0,,,,,,,
746,146,1182.75,8.101027397260275,52.75,0,0.0,20.0,159.25,7.9625,1.5,0.0,0.0,10.0
747,146,1219.25,8.351027397260275,70.5,0,0.0,20.0,156.0,7.8,2.25,0.0,0.0,10.0
748,1,2.0,2.0,0.0,0,0.0,,,,,,,
749,131,1090.5,8.32442748091603,75.0,0,0.0,19.0,147.5,7.7631578947368425,0.0,0.0,0.0,11.0
750,53,411.25,7.759433962264151,17.25,0,0.0,19.0,152.0,8.0,2.0,0.0,0.0,11.0
751,129,1168.0,9.054263565891473,144.0,0,0.0,9.0,128.0,14.222222222222221,64.0,0.0,0.0,21.0
752,5,34.75,6.95,0.0,0,0.0,5.0,34.75,6.95,0.0,0.0,0.0,25.0
753,136,1160.0,8.529411764705882,83.5,0,0.0,18.0,145.0,8.055555555555555,1.25,0.0,0.0,12.0
754,141,1187.0,8.418439716312056,70.0,0,0.0,23.0,190.25,8.271739130434783,6.25,0.0,0.0,7.0
755,27,1120.0,41.48148148148148,904.0,0,0.0,4.0,160.0,40.0,128.0,0.0,0.0,26.0
756,17,132.25,7.779411764705882,3.5,0,0.0,17.0,132.25,7.779411764705882,3.5,0.0,0.0,13.0
757,110,921.0,8.372727272727273,83.5,0,0.0,20.0,156.0,7.8,3.0,0.0,0.0,10.0
758,81,602.0,7.432098765432099,20.5,0,0.0,18.0,132.0,7.333333333333333,3.75,0.0,0.0,12.0
759,127,1067.0,8.401574803149606,65.75,0,0.0,20.0,160.25,8.0125,5.5,0.0,0.0,10.0
760,11,82.25,7.4772727272727275,0.0,0,0.0,11.0,82.25,7.4772727272727275,0.0,0.0,0.0,19.0
761,120,954.75,7.95625,36.25,0,0.0,16.0,126.25,7.890625,0.75,0.0,0.0,14.0
762,119,978.5,8.222689075630251,57.5,0,0.0,20.0,155.5,7.775,1.0,0.0,0.0,10.0
763,122,1076.75,8.825819672131148,102.25,0,0.0,20.0,171.5,8.575,11.5,0.0,0.0,10.0
764,130,1055.0,8.115384615384615,47.75,0,0.0,21.0,167.25,7.964285714285714,1.75,0.0,0.0,9.0
765,24,1000.0,41.666666666666664,808.0,0,0.0,4.0,160.0,40.0,128.0,0.0,0.0,26.0
766,63,527.75,8.376984126984127,37.75,0,0.0,20.0,162.0,8.1,3.0,0.0,0.0,10.0
767,70,595.0,8.5,64.25,0,0.0,21.0,157.25,7.488095238095238,1.5,0.0,0.0,9.0
768,46,396.0,8.608695652173912,45.5,0,0.0,19.0,148.0,7.7894736842105265,2.25,0.0,0.0,11.0
769,89,754.25,8.474719101123595,61.25,0,0.0,22.0,167.75,7.625,0.75,0.0,0.0,8.0
770,87,751.25,8.635057471264368,67.0,0,0.0,21.0,162.75,7.75,1.25,0.0,0.0,9.0
771,85,686.25,8.073529411764707,28.5,0,0.0,21.0,163.0,7.761904761904762,1.0,0.0,0.0,9.0
772,81,675.75,8.342592592592593,42.75,0,0.0,20.0,154.0,7.7,0.25,0.0,0.0,10.0
773,35,314.75,8.992857142857142,45.25,0,0.0,19.0,153.5,8.078947368421053,9.25,0.0,0.0,11.0
774,50,632.0,12.64,308.0,0,0.0,4.0,160.0,40.0,128.0,0.0,0.0,26.0
775,42,600.0,14.285714285714286,348.0,0,0.0,6.0,160.0,26.666666666666668,128.0,0.0,0.0,24.0
776,64,553.0,8.640625,54.25,0,0.0,20.0,164.75,8.2375,4.75,0.0,0.0,10.0
777,66,568.75,8.617424242424242,41.75,0,0.0,20.0,160.0,8.0,0.0,0.0,0.0,10.0
778,59,503.5,8.533898305084746,39.5,0,0.0,19.0,151.75,7.9868421052631575,0.5,0.0,0.0,11.0
779,56,486.0,8.678571428571429,49.0,0,0.0,19.0,200.0,10.526315789473685,48.0,0.0,0.0,11.0
780,49,439.0,8.959183673469388,56.0,0,0.0,20.0,204.5,10.225,51.75,0.0,0.0,10.0
781,51,448.75,8.799019607843137,47.5,0,0.0,19.0,190.0,10.0,38.0,0.0,0.0,11.0
782,25,220.5,8.82,42.0,0,0.0,15.0,151.5,10.1,40.0,0.0,0.0,15.0
783,47,392.75,8.356382978723405,40.75,0,0.0,18.0,176.0,9.777777777777779,40.0,0.0,0.0,12.0
784,48,395.0,8.229166666666666,41.75,0,0.0,20.0,190.5,9.525,40.0,0.0,0.0,10.0
785,46,410.5,8.923913043478262,43.25,0,0.0,21.0,210.75,10.035714285714286,43.25,0.0,0.0,9.0
786,6,66.0,11.0,18.0,0,0.0,6.0,66.0,11.0,18.0,0.0,0.0,24.0
787,48,449.0,9.354166666666666,70.5,0,0.0,22.0,226.5,10.295454545454545,54.5,0.0,0.0,8.0
788,5,34.5,6.9,2.0,0,0.0,5.0,34.5,6.9,2.0,0.0,0.0,25.0
789,7,280.0,40.0,224.0,0,0.0,4.0,160.0,40.0,128.0,0.0,0.0,26.0
790,22,280.0,12.727272727272727,128.0,0,0.0,7.0,144.0,20.571428571428573,96.0,0.0,0.0,23.0
791,25,199.5,7.98,3.5,0,0.0,20.0,159.75,7.9875,2.5,0.0,0.0,10.0
792,20,158.25,7.9125,0.75,0,0.0,20.0,158.25,7.9125,0.75,0.0,0.0,10.0
793,3,0.0,0.0,0.0,0,0.0,3.0,0.0,0.0,0.0,0.0,0.0,27.0
794,15,117.0,7.8,0.5,0,0.0,15.0,117.0,7.8,0.5,0.0,0.0,15.0
795,7,120.0,17.142857142857142,64.0,0,0.0,7.0,120.0,17.142857142857142,64.0,0.0,0.0,23.0
796,3,120.0,40.0,96.0,0,0.0,2.0,80.0,40.0,64.0,0.0,0.0,28.0
797,5,40.0,8.0,0.0,0,0.0,5.0,40.0,8.0,0.0,0.0,0.0,25.0
